x1_cube,x2_cube
1.0,1.0
3.375,11.390625
8.0,64.0
15.625,244.140625
27.0,729.0
