sqrt_x1,sqrt_x2
1.0,1.0
1.22474487139,1.5
1.41421356237,2.0
1.58113883008,2.5
1.73205080757,3.0
